{
  "ABIRoot": {
    "kind": "Root",
    "name": "SpeedManagerModule",
    "printedName": "SpeedManagerModule",
    "children": [
      {
        "kind": "Import",
        "name": "Foundation",
        "printedName": "Foundation",
        "declKind": "Import",
        "moduleName": "SpeedManagerModule"
      },
      {
        "kind": "Import",
        "name": "CoreLocation",
        "printedName": "CoreLocation",
        "declKind": "Import",
        "moduleName": "SpeedManagerModule"
      },
      {
        "kind": "Import",
        "name": "Combine",
        "printedName": "Combine",
        "declKind": "Import",
        "moduleName": "SpeedManagerModule"
      },
      {
        "kind": "TypeDecl",
        "name": "SpeedManager",
        "printedName": "SpeedManager",
        "children": [
          {
            "kind": "Var",
            "name": "delegate",
            "printedName": "delegate",
            "children": [
              {
                "kind": "TypeNominal",
                "name": "WeakStorage",
                "printedName": "(any SpeedManagerModule.SpeedManagerDelegate)?"
              }
            ],
            "declKind": "Var",
            "usr": "s:18SpeedManagerModule0aB0C8delegateAA0aB8Delegate_pSgvp",
            "mangledName": "$s18SpeedManagerModule0aB0C8delegateAA0aB8Delegate_pSgvp",
            "moduleName": "SpeedManagerModule",
            "declAttributes": [
              "HasInitialValue",
              "HasStorage",
              "ReferenceOwnership",
              "AccessControl",
              "RawDocComment"
            ],
            "ownership": 1,
            "hasStorage": true,
            "accessors": [
              {
                "kind": "Accessor",
                "name": "Get",
                "printedName": "Get()",
                "children": [
                  {
                    "kind": "TypeNominal",
                    "name": "Optional",
                    "printedName": "(any SpeedManagerModule.SpeedManagerDelegate)?",
                    "children": [
                      {
                        "kind": "TypeNominal",
                        "name": "SpeedManagerDelegate",
                        "printedName": "any SpeedManagerModule.SpeedManagerDelegate",
                        "usr": "s:18SpeedManagerModule0aB8DelegateP"
                      }
                    ],
                    "usr": "s:Sq"
                  }
                ],
                "declKind": "Accessor",
                "usr": "s:18SpeedManagerModule0aB0C8delegateAA0aB8Delegate_pSgvg",
                "mangledName": "$s18SpeedManagerModule0aB0C8delegateAA0aB8Delegate_pSgvg",
                "moduleName": "SpeedManagerModule",
                "implicit": true,
                "accessorKind": "get"
              },
              {
                "kind": "Accessor",
                "name": "Set",
                "printedName": "Set()",
                "children": [
                  {
                    "kind": "TypeNominal",
                    "name": "Void",
                    "printedName": "()"
                  },
                  {
                    "kind": "TypeNominal",
                    "name": "Optional",
                    "printedName": "(any SpeedManagerModule.SpeedManagerDelegate)?",
                    "children": [
                      {
                        "kind": "TypeNominal",
                        "name": "SpeedManagerDelegate",
                        "printedName": "any SpeedManagerModule.SpeedManagerDelegate",
                        "usr": "s:18SpeedManagerModule0aB8DelegateP"
                      }
                    ],
                    "usr": "s:Sq"
                  }
                ],
                "declKind": "Accessor",
                "usr": "s:18SpeedManagerModule0aB0C8delegateAA0aB8Delegate_pSgvs",
                "mangledName": "$s18SpeedManagerModule0aB0C8delegateAA0aB8Delegate_pSgvs",
                "moduleName": "SpeedManagerModule",
                "implicit": true,
                "accessorKind": "set"
              },
              {
                "kind": "Accessor",
                "name": "Modify",
                "printedName": "Modify()",
                "children": [
                  {
                    "kind": "TypeNominal",
                    "name": "Void",
                    "printedName": "()"
                  }
                ],
                "declKind": "Accessor",
                "usr": "s:18SpeedManagerModule0aB0C8delegateAA0aB8Delegate_pSgvM",
                "mangledName": "$s18SpeedManagerModule0aB0C8delegateAA0aB8Delegate_pSgvM",
                "moduleName": "SpeedManagerModule",
                "implicit": true,
                "accessorKind": "_modify"
              }
            ]
          },
          {
            "kind": "Var",
            "name": "location",
            "printedName": "location",
            "children": [
              {
                "kind": "TypeNominal",
                "name": "Optional",
                "printedName": "_LocationEssentials.CLLocation?",
                "children": [
                  {
                    "kind": "TypeNominal",
                    "name": "CLLocation",
                    "printedName": "_LocationEssentials.CLLocation",
                    "usr": "c:objc(cs)CLLocation"
                  }
                ],
                "usr": "s:Sq"
              }
            ],
            "declKind": "Var",
            "usr": "s:18SpeedManagerModule0aB0C8locationSo10CLLocationCSgvp",
            "mangledName": "$s18SpeedManagerModule0aB0C8locationSo10CLLocationCSgvp",
            "moduleName": "SpeedManagerModule",
            "declAttributes": [
              "ProjectedValueProperty",
              "AccessControl",
              "Custom"
            ],
            "accessors": [
              {
                "kind": "Accessor",
                "name": "Get",
                "printedName": "Get()",
                "children": [
                  {
                    "kind": "TypeNominal",
                    "name": "Optional",
                    "printedName": "_LocationEssentials.CLLocation?",
                    "children": [
                      {
                        "kind": "TypeNominal",
                        "name": "CLLocation",
                        "printedName": "_LocationEssentials.CLLocation",
                        "usr": "c:objc(cs)CLLocation"
                      }
                    ],
                    "usr": "s:Sq"
                  }
                ],
                "declKind": "Accessor",
                "usr": "s:18SpeedManagerModule0aB0C8locationSo10CLLocationCSgvg",
                "mangledName": "$s18SpeedManagerModule0aB0C8locationSo10CLLocationCSgvg",
                "moduleName": "SpeedManagerModule",
                "implicit": true,
                "accessorKind": "get"
              },
              {
                "kind": "Accessor",
                "name": "Set",
                "printedName": "Set()",
                "children": [
                  {
                    "kind": "TypeNominal",
                    "name": "Void",
                    "printedName": "()"
                  },
                  {
                    "kind": "TypeNominal",
                    "name": "Optional",
                    "printedName": "_LocationEssentials.CLLocation?",
                    "children": [
                      {
                        "kind": "TypeNominal",
                        "name": "CLLocation",
                        "printedName": "_LocationEssentials.CLLocation",
                        "usr": "c:objc(cs)CLLocation"
                      }
                    ],
                    "usr": "s:Sq"
                  }
                ],
                "declKind": "Accessor",
                "usr": "s:18SpeedManagerModule0aB0C8locationSo10CLLocationCSgvs",
                "mangledName": "$s18SpeedManagerModule0aB0C8locationSo10CLLocationCSgvs",
                "moduleName": "SpeedManagerModule",
                "implicit": true,
                "intro_Macosx": "10.15",
                "intro_iOS": "13.0",
                "intro_tvOS": "13.0",
                "intro_watchOS": "6.0",
                "declAttributes": [
                  "Available",
                  "Available",
                  "Available",
                  "Available"
                ],
                "accessorKind": "set"
              },
              {
                "kind": "Accessor",
                "name": "Modify",
                "printedName": "Modify()",
                "children": [
                  {
                    "kind": "TypeNominal",
                    "name": "Void",
                    "printedName": "()"
                  }
                ],
                "declKind": "Accessor",
                "usr": "s:18SpeedManagerModule0aB0C8locationSo10CLLocationCSgvM",
                "mangledName": "$s18SpeedManagerModule0aB0C8locationSo10CLLocationCSgvM",
                "moduleName": "SpeedManagerModule",
                "implicit": true,
                "intro_Macosx": "10.15",
                "intro_iOS": "13.0",
                "intro_tvOS": "13.0",
                "intro_watchOS": "6.0",
                "declAttributes": [
                  "Available",
                  "Available",
                  "Available",
                  "Available"
                ],
                "accessorKind": "_modify"
              }
            ]
          },
          {
            "kind": "Var",
            "name": "$location",
            "printedName": "$location",
            "children": [
              {
                "kind": "TypeNominal",
                "name": "Publisher",
                "printedName": "Combine.Published<Swift.Optional<_LocationEssentials.CLLocation>>.Publisher",
                "usr": "s:7Combine9PublishedV9PublisherV"
              }
            ],
            "declKind": "Var",
            "usr": "s:18SpeedManagerModule0aB0C9$location7Combine9PublishedV9PublisherVySo10CLLocationCSg_Gvp",
            "mangledName": "$s18SpeedManagerModule0aB0C9$location7Combine9PublishedV9PublisherVySo10CLLocationCSg_Gvp",
            "moduleName": "SpeedManagerModule",
            "implicit": true,
            "accessors": [
              {
                "kind": "Accessor",
                "name": "Get",
                "printedName": "Get()",
                "children": [
                  {
                    "kind": "TypeNominal",
                    "name": "Publisher",
                    "printedName": "Combine.Published<Swift.Optional<_LocationEssentials.CLLocation>>.Publisher",
                    "usr": "s:7Combine9PublishedV9PublisherV"
                  }
                ],
                "declKind": "Accessor",
                "usr": "s:18SpeedManagerModule0aB0C9$location7Combine9PublishedV9PublisherVySo10CLLocationCSg_Gvg",
                "mangledName": "$s18SpeedManagerModule0aB0C9$location7Combine9PublishedV9PublisherVySo10CLLocationCSg_Gvg",
                "moduleName": "SpeedManagerModule",
                "implicit": true,
                "accessorKind": "get"
              },
              {
                "kind": "Accessor",
                "name": "Set",
                "printedName": "Set()",
                "children": [
                  {
                    "kind": "TypeNominal",
                    "name": "Void",
                    "printedName": "()"
                  },
                  {
                    "kind": "TypeNominal",
                    "name": "Publisher",
                    "printedName": "Combine.Published<Swift.Optional<_LocationEssentials.CLLocation>>.Publisher",
                    "usr": "s:7Combine9PublishedV9PublisherV"
                  }
                ],
                "declKind": "Accessor",
                "usr": "s:18SpeedManagerModule0aB0C9$location7Combine9PublishedV9PublisherVySo10CLLocationCSg_Gvs",
                "mangledName": "$s18SpeedManagerModule0aB0C9$location7Combine9PublishedV9PublisherVySo10CLLocationCSg_Gvs",
                "moduleName": "SpeedManagerModule",
                "implicit": true,
                "intro_Macosx": "11.0",
                "intro_iOS": "14.0",
                "intro_tvOS": "14.0",
                "intro_watchOS": "7.0",
                "declAttributes": [
                  "Available",
                  "Available",
                  "Available",
                  "Available"
                ],
                "accessorKind": "set"
              },
              {
                "kind": "Accessor",
                "name": "Modify",
                "printedName": "Modify()",
                "children": [
                  {
                    "kind": "TypeNominal",
                    "name": "Void",
                    "printedName": "()"
                  }
                ],
                "declKind": "Accessor",
                "usr": "s:18SpeedManagerModule0aB0C9$location7Combine9PublishedV9PublisherVySo10CLLocationCSg_GvM",
                "mangledName": "$s18SpeedManagerModule0aB0C9$location7Combine9PublishedV9PublisherVySo10CLLocationCSg_GvM",
                "moduleName": "SpeedManagerModule",
                "implicit": true,
                "intro_Macosx": "11.0",
                "intro_iOS": "14.0",
                "intro_tvOS": "14.0",
                "intro_watchOS": "7.0",
                "declAttributes": [
                  "Available",
                  "Available",
                  "Available",
                  "Available"
                ],
                "accessorKind": "_modify"
              }
            ]
          },
          {
            "kind": "Var",
            "name": "authorizationStatus",
            "printedName": "authorizationStatus",
            "children": [
              {
                "kind": "TypeNominal",
                "name": "SpeedManagerAuthorizationStatus",
                "printedName": "SpeedManagerModule.SpeedManagerAuthorizationStatus",
                "usr": "s:18SpeedManagerModule0aB19AuthorizationStatusO"
              }
            ],
            "declKind": "Var",
            "usr": "s:18SpeedManagerModule0aB0C19authorizationStatusAA0ab13AuthorizationE0Ovp",
            "mangledName": "$s18SpeedManagerModule0aB0C19authorizationStatusAA0ab13AuthorizationE0Ovp",
            "moduleName": "SpeedManagerModule",
            "declAttributes": [
              "ProjectedValueProperty",
              "SetterAccess",
              "AccessControl",
              "Custom",
              "RawDocComment"
            ],
            "accessors": [
              {
                "kind": "Accessor",
                "name": "Get",
                "printedName": "Get()",
                "children": [
                  {
                    "kind": "TypeNominal",
                    "name": "SpeedManagerAuthorizationStatus",
                    "printedName": "SpeedManagerModule.SpeedManagerAuthorizationStatus",
                    "usr": "s:18SpeedManagerModule0aB19AuthorizationStatusO"
                  }
                ],
                "declKind": "Accessor",
                "usr": "s:18SpeedManagerModule0aB0C19authorizationStatusAA0ab13AuthorizationE0Ovg",
                "mangledName": "$s18SpeedManagerModule0aB0C19authorizationStatusAA0ab13AuthorizationE0Ovg",
                "moduleName": "SpeedManagerModule",
                "implicit": true,
                "accessorKind": "get"
              }
            ]
          },
          {
            "kind": "Var",
            "name": "$authorizationStatus",
            "printedName": "$authorizationStatus",
            "children": [
              {
                "kind": "TypeNominal",
                "name": "Publisher",
                "printedName": "Combine.Published<SpeedManagerModule.SpeedManagerAuthorizationStatus>.Publisher",
                "usr": "s:7Combine9PublishedV9PublisherV"
              }
            ],
            "declKind": "Var",
            "usr": "s:18SpeedManagerModule0aB0C20$authorizationStatus7Combine9PublishedV9PublisherVyAA0ab13AuthorizationE0O_Gvp",
            "mangledName": "$s18SpeedManagerModule0aB0C20$authorizationStatus7Combine9PublishedV9PublisherVyAA0ab13AuthorizationE0O_Gvp",
            "moduleName": "SpeedManagerModule",
            "implicit": true,
            "accessors": [
              {
                "kind": "Accessor",
                "name": "Get",
                "printedName": "Get()",
                "children": [
                  {
                    "kind": "TypeNominal",
                    "name": "Publisher",
                    "printedName": "Combine.Published<SpeedManagerModule.SpeedManagerAuthorizationStatus>.Publisher",
                    "usr": "s:7Combine9PublishedV9PublisherV"
                  }
                ],
                "declKind": "Accessor",
                "usr": "s:18SpeedManagerModule0aB0C20$authorizationStatus7Combine9PublishedV9PublisherVyAA0ab13AuthorizationE0O_Gvg",
                "mangledName": "$s18SpeedManagerModule0aB0C20$authorizationStatus7Combine9PublishedV9PublisherVyAA0ab13AuthorizationE0O_Gvg",
                "moduleName": "SpeedManagerModule",
                "implicit": true,
                "accessorKind": "get"
              }
            ]
          },
          {
            "kind": "Var",
            "name": "speed",
            "printedName": "speed",
            "children": [
              {
                "kind": "TypeNominal",
                "name": "Double",
                "printedName": "Swift.Double",
                "usr": "s:Sd"
              }
            ],
            "declKind": "Var",
            "usr": "s:18SpeedManagerModule0aB0C5speedSdvp",
            "mangledName": "$s18SpeedManagerModule0aB0C5speedSdvp",
            "moduleName": "SpeedManagerModule",
            "declAttributes": [
              "ProjectedValueProperty",
              "AccessControl",
              "Custom",
              "RawDocComment"
            ],
            "accessors": [
              {
                "kind": "Accessor",
                "name": "Get",
                "printedName": "Get()",
                "children": [
                  {
                    "kind": "TypeNominal",
                    "name": "Double",
                    "printedName": "Swift.Double",
                    "usr": "s:Sd"
                  }
                ],
                "declKind": "Accessor",
                "usr": "s:18SpeedManagerModule0aB0C5speedSdvg",
                "mangledName": "$s18SpeedManagerModule0aB0C5speedSdvg",
                "moduleName": "SpeedManagerModule",
                "implicit": true,
                "accessorKind": "get"
              },
              {
                "kind": "Accessor",
                "name": "Set",
                "printedName": "Set()",
                "children": [
                  {
                    "kind": "TypeNominal",
                    "name": "Void",
                    "printedName": "()"
                  },
                  {
                    "kind": "TypeNominal",
                    "name": "Double",
                    "printedName": "Swift.Double",
                    "usr": "s:Sd"
                  }
                ],
                "declKind": "Accessor",
                "usr": "s:18SpeedManagerModule0aB0C5speedSdvs",
                "mangledName": "$s18SpeedManagerModule0aB0C5speedSdvs",
                "moduleName": "SpeedManagerModule",
                "implicit": true,
                "intro_Macosx": "10.15",
                "intro_iOS": "13.0",
                "intro_tvOS": "13.0",
                "intro_watchOS": "6.0",
                "declAttributes": [
                  "Available",
                  "Available",
                  "Available",
                  "Available"
                ],
                "accessorKind": "set"
              },
              {
                "kind": "Accessor",
                "name": "Modify",
                "printedName": "Modify()",
                "children": [
                  {
                    "kind": "TypeNominal",
                    "name": "Void",
                    "printedName": "()"
                  }
                ],
                "declKind": "Accessor",
                "usr": "s:18SpeedManagerModule0aB0C5speedSdvM",
                "mangledName": "$s18SpeedManagerModule0aB0C5speedSdvM",
                "moduleName": "SpeedManagerModule",
                "implicit": true,
                "intro_Macosx": "10.15",
                "intro_iOS": "13.0",
                "intro_tvOS": "13.0",
                "intro_watchOS": "6.0",
                "declAttributes": [
                  "Available",
                  "Available",
                  "Available",
                  "Available"
                ],
                "accessorKind": "_modify"
              }
            ]
          },
          {
            "kind": "Var",
            "name": "$speed",
            "printedName": "$speed",
            "children": [
              {
                "kind": "TypeNominal",
                "name": "Publisher",
                "printedName": "Combine.Published<Swift.Double>.Publisher",
                "usr": "s:7Combine9PublishedV9PublisherV"
              }
            ],
            "declKind": "Var",
            "usr": "s:18SpeedManagerModule0aB0C6$speed7Combine9PublishedV9PublisherVySd_Gvp",
            "mangledName": "$s18SpeedManagerModule0aB0C6$speed7Combine9PublishedV9PublisherVySd_Gvp",
            "moduleName": "SpeedManagerModule",
            "implicit": true,
            "accessors": [
              {
                "kind": "Accessor",
                "name": "Get",
                "printedName": "Get()",
                "children": [
                  {
                    "kind": "TypeNominal",
                    "name": "Publisher",
                    "printedName": "Combine.Published<Swift.Double>.Publisher",
                    "usr": "s:7Combine9PublishedV9PublisherV"
                  }
                ],
                "declKind": "Accessor",
                "usr": "s:18SpeedManagerModule0aB0C6$speed7Combine9PublishedV9PublisherVySd_Gvg",
                "mangledName": "$s18SpeedManagerModule0aB0C6$speed7Combine9PublishedV9PublisherVySd_Gvg",
                "moduleName": "SpeedManagerModule",
                "implicit": true,
                "accessorKind": "get"
              },
              {
                "kind": "Accessor",
                "name": "Set",
                "printedName": "Set()",
                "children": [
                  {
                    "kind": "TypeNominal",
                    "name": "Void",
                    "printedName": "()"
                  },
                  {
                    "kind": "TypeNominal",
                    "name": "Publisher",
                    "printedName": "Combine.Published<Swift.Double>.Publisher",
                    "usr": "s:7Combine9PublishedV9PublisherV"
                  }
                ],
                "declKind": "Accessor",
                "usr": "s:18SpeedManagerModule0aB0C6$speed7Combine9PublishedV9PublisherVySd_Gvs",
                "mangledName": "$s18SpeedManagerModule0aB0C6$speed7Combine9PublishedV9PublisherVySd_Gvs",
                "moduleName": "SpeedManagerModule",
                "implicit": true,
                "intro_Macosx": "11.0",
                "intro_iOS": "14.0",
                "intro_tvOS": "14.0",
                "intro_watchOS": "7.0",
                "declAttributes": [
                  "Available",
                  "Available",
                  "Available",
                  "Available"
                ],
                "accessorKind": "set"
              },
              {
                "kind": "Accessor",
                "name": "Modify",
                "printedName": "Modify()",
                "children": [
                  {
                    "kind": "TypeNominal",
                    "name": "Void",
                    "printedName": "()"
                  }
                ],
                "declKind": "Accessor",
                "usr": "s:18SpeedManagerModule0aB0C6$speed7Combine9PublishedV9PublisherVySd_GvM",
                "mangledName": "$s18SpeedManagerModule0aB0C6$speed7Combine9PublishedV9PublisherVySd_GvM",
                "moduleName": "SpeedManagerModule",
                "implicit": true,
                "intro_Macosx": "11.0",
                "intro_iOS": "14.0",
                "intro_tvOS": "14.0",
                "intro_watchOS": "7.0",
                "declAttributes": [
                  "Available",
                  "Available",
                  "Available",
                  "Available"
                ],
                "accessorKind": "_modify"
              }
            ]
          },
          {
            "kind": "Var",
            "name": "speedAccuracy",
            "printedName": "speedAccuracy",
            "children": [
              {
                "kind": "TypeNominal",
                "name": "Double",
                "printedName": "Swift.Double",
                "usr": "s:Sd"
              }
            ],
            "declKind": "Var",
            "usr": "s:18SpeedManagerModule0aB0C13speedAccuracySdvp",
            "mangledName": "$s18SpeedManagerModule0aB0C13speedAccuracySdvp",
            "moduleName": "SpeedManagerModule",
            "declAttributes": [
              "ProjectedValueProperty",
              "SetterAccess",
              "AccessControl",
              "Custom",
              "RawDocComment"
            ],
            "accessors": [
              {
                "kind": "Accessor",
                "name": "Get",
                "printedName": "Get()",
                "children": [
                  {
                    "kind": "TypeNominal",
                    "name": "Double",
                    "printedName": "Swift.Double",
                    "usr": "s:Sd"
                  }
                ],
                "declKind": "Accessor",
                "usr": "s:18SpeedManagerModule0aB0C13speedAccuracySdvg",
                "mangledName": "$s18SpeedManagerModule0aB0C13speedAccuracySdvg",
                "moduleName": "SpeedManagerModule",
                "implicit": true,
                "accessorKind": "get"
              }
            ]
          },
          {
            "kind": "Var",
            "name": "$speedAccuracy",
            "printedName": "$speedAccuracy",
            "children": [
              {
                "kind": "TypeNominal",
                "name": "Publisher",
                "printedName": "Combine.Published<Swift.Double>.Publisher",
                "usr": "s:7Combine9PublishedV9PublisherV"
              }
            ],
            "declKind": "Var",
            "usr": "s:18SpeedManagerModule0aB0C14$speedAccuracy7Combine9PublishedV9PublisherVySd_Gvp",
            "mangledName": "$s18SpeedManagerModule0aB0C14$speedAccuracy7Combine9PublishedV9PublisherVySd_Gvp",
            "moduleName": "SpeedManagerModule",
            "implicit": true,
            "accessors": [
              {
                "kind": "Accessor",
                "name": "Get",
                "printedName": "Get()",
                "children": [
                  {
                    "kind": "TypeNominal",
                    "name": "Publisher",
                    "printedName": "Combine.Published<Swift.Double>.Publisher",
                    "usr": "s:7Combine9PublishedV9PublisherV"
                  }
                ],
                "declKind": "Accessor",
                "usr": "s:18SpeedManagerModule0aB0C14$speedAccuracy7Combine9PublishedV9PublisherVySd_Gvg",
                "mangledName": "$s18SpeedManagerModule0aB0C14$speedAccuracy7Combine9PublishedV9PublisherVySd_Gvg",
                "moduleName": "SpeedManagerModule",
                "implicit": true,
                "accessorKind": "get"
              }
            ]
          },
          {
            "kind": "Var",
            "name": "degrees",
            "printedName": "degrees",
            "children": [
              {
                "kind": "TypeNominal",
                "name": "Double",
                "printedName": "Swift.Double",
                "usr": "s:Sd"
              }
            ],
            "declKind": "Var",
            "usr": "s:18SpeedManagerModule0aB0C7degreesSdvp",
            "mangledName": "$s18SpeedManagerModule0aB0C7degreesSdvp",
            "moduleName": "SpeedManagerModule",
            "declAttributes": [
              "ProjectedValueProperty",
              "AccessControl",
              "Custom",
              "RawDocComment"
            ],
            "accessors": [
              {
                "kind": "Accessor",
                "name": "Get",
                "printedName": "Get()",
                "children": [
                  {
                    "kind": "TypeNominal",
                    "name": "Double",
                    "printedName": "Swift.Double",
                    "usr": "s:Sd"
                  }
                ],
                "declKind": "Accessor",
                "usr": "s:18SpeedManagerModule0aB0C7degreesSdvg",
                "mangledName": "$s18SpeedManagerModule0aB0C7degreesSdvg",
                "moduleName": "SpeedManagerModule",
                "implicit": true,
                "accessorKind": "get"
              },
              {
                "kind": "Accessor",
                "name": "Set",
                "printedName": "Set()",
                "children": [
                  {
                    "kind": "TypeNominal",
                    "name": "Void",
                    "printedName": "()"
                  },
                  {
                    "kind": "TypeNominal",
                    "name": "Double",
                    "printedName": "Swift.Double",
                    "usr": "s:Sd"
                  }
                ],
                "declKind": "Accessor",
                "usr": "s:18SpeedManagerModule0aB0C7degreesSdvs",
                "mangledName": "$s18SpeedManagerModule0aB0C7degreesSdvs",
                "moduleName": "SpeedManagerModule",
                "implicit": true,
                "intro_Macosx": "10.15",
                "intro_iOS": "13.0",
                "intro_tvOS": "13.0",
                "intro_watchOS": "6.0",
                "declAttributes": [
                  "Available",
                  "Available",
                  "Available",
                  "Available"
                ],
                "accessorKind": "set"
              },
              {
                "kind": "Accessor",
                "name": "Modify",
                "printedName": "Modify()",
                "children": [
                  {
                    "kind": "TypeNominal",
                    "name": "Void",
                    "printedName": "()"
                  }
                ],
                "declKind": "Accessor",
                "usr": "s:18SpeedManagerModule0aB0C7degreesSdvM",
                "mangledName": "$s18SpeedManagerModule0aB0C7degreesSdvM",
                "moduleName": "SpeedManagerModule",
                "implicit": true,
                "intro_Macosx": "10.15",
                "intro_iOS": "13.0",
                "intro_tvOS": "13.0",
                "intro_watchOS": "6.0",
                "declAttributes": [
                  "Available",
                  "Available",
                  "Available",
                  "Available"
                ],
                "accessorKind": "_modify"
              }
            ]
          },
          {
            "kind": "Var",
            "name": "$degrees",
            "printedName": "$degrees",
            "children": [
              {
                "kind": "TypeNominal",
                "name": "Publisher",
                "printedName": "Combine.Published<Swift.Double>.Publisher",
                "usr": "s:7Combine9PublishedV9PublisherV"
              }
            ],
            "declKind": "Var",
            "usr": "s:18SpeedManagerModule0aB0C8$degrees7Combine9PublishedV9PublisherVySd_Gvp",
            "mangledName": "$s18SpeedManagerModule0aB0C8$degrees7Combine9PublishedV9PublisherVySd_Gvp",
            "moduleName": "SpeedManagerModule",
            "implicit": true,
            "accessors": [
              {
                "kind": "Accessor",
                "name": "Get",
                "printedName": "Get()",
                "children": [
                  {
                    "kind": "TypeNominal",
                    "name": "Publisher",
                    "printedName": "Combine.Published<Swift.Double>.Publisher",
                    "usr": "s:7Combine9PublishedV9PublisherV"
                  }
                ],
                "declKind": "Accessor",
                "usr": "s:18SpeedManagerModule0aB0C8$degrees7Combine9PublishedV9PublisherVySd_Gvg",
                "mangledName": "$s18SpeedManagerModule0aB0C8$degrees7Combine9PublishedV9PublisherVySd_Gvg",
                "moduleName": "SpeedManagerModule",
                "implicit": true,
                "accessorKind": "get"
              },
              {
                "kind": "Accessor",
                "name": "Set",
                "printedName": "Set()",
                "children": [
                  {
                    "kind": "TypeNominal",
                    "name": "Void",
                    "printedName": "()"
                  },
                  {
                    "kind": "TypeNominal",
                    "name": "Publisher",
                    "printedName": "Combine.Published<Swift.Double>.Publisher",
                    "usr": "s:7Combine9PublishedV9PublisherV"
                  }
                ],
                "declKind": "Accessor",
                "usr": "s:18SpeedManagerModule0aB0C8$degrees7Combine9PublishedV9PublisherVySd_Gvs",
                "mangledName": "$s18SpeedManagerModule0aB0C8$degrees7Combine9PublishedV9PublisherVySd_Gvs",
                "moduleName": "SpeedManagerModule",
                "implicit": true,
                "intro_Macosx": "11.0",
                "intro_iOS": "14.0",
                "intro_tvOS": "14.0",
                "intro_watchOS": "7.0",
                "declAttributes": [
                  "Available",
                  "Available",
                  "Available",
                  "Available"
                ],
                "accessorKind": "set"
              },
              {
                "kind": "Accessor",
                "name": "Modify",
                "printedName": "Modify()",
                "children": [
                  {
                    "kind": "TypeNominal",
                    "name": "Void",
                    "printedName": "()"
                  }
                ],
                "declKind": "Accessor",
                "usr": "s:18SpeedManagerModule0aB0C8$degrees7Combine9PublishedV9PublisherVySd_GvM",
                "mangledName": "$s18SpeedManagerModule0aB0C8$degrees7Combine9PublishedV9PublisherVySd_GvM",
                "moduleName": "SpeedManagerModule",
                "implicit": true,
                "intro_Macosx": "11.0",
                "intro_iOS": "14.0",
                "intro_tvOS": "14.0",
                "intro_watchOS": "7.0",
                "declAttributes": [
                  "Available",
                  "Available",
                  "Available",
                  "Available"
                ],
                "accessorKind": "_modify"
              }
            ]
          },
          {
            "kind": "Constructor",
            "name": "init",
            "printedName": "init(speedUnit:trigger:allowsBackgroundLocationUpdates:)",
            "children": [
              {
                "kind": "TypeNominal",
                "name": "SpeedManager",
                "printedName": "SpeedManagerModule.SpeedManager",
                "usr": "c:@M@SpeedManagerModule@objc(cs)SpeedManager"
              },
              {
                "kind": "TypeNominal",
                "name": "SpeedManagerUnit",
                "printedName": "SpeedManagerModule.SpeedManagerUnit",
                "usr": "s:18SpeedManagerModule0aB4UnitO"
              },
              {
                "kind": "TypeNominal",
                "name": "Optional",
                "printedName": "(any SpeedManagerModule.SpeedManagerTrigger)?",
                "children": [
                  {
                    "kind": "TypeNominal",
                    "name": "SpeedManagerTrigger",
                    "printedName": "any SpeedManagerModule.SpeedManagerTrigger",
                    "usr": "s:18SpeedManagerModule0aB7TriggerP"
                  }
                ],
                "hasDefaultArg": true,
                "usr": "s:Sq"
              },
              {
                "kind": "TypeNominal",
                "name": "Bool",
                "printedName": "Swift.Bool",
                "hasDefaultArg": true,
                "usr": "s:Sb"
              }
            ],
            "declKind": "Constructor",
            "usr": "s:18SpeedManagerModule0aB0C9speedUnit7trigger31allowsBackgroundLocationUpdatesAcA0abE0O_AA0aB7Trigger_pSgSbtcfc",
            "mangledName": "$s18SpeedManagerModule0aB0C9speedUnit7trigger31allowsBackgroundLocationUpdatesAcA0abE0O_AA0aB7Trigger_pSgSbtcfc",
            "moduleName": "SpeedManagerModule",
            "declAttributes": [
              "AccessControl",
              "RawDocComment"
            ],
            "init_kind": "Designated"
          },
          {
            "kind": "Function",
            "name": "startUpdatingSpeed",
            "printedName": "startUpdatingSpeed()",
            "children": [
              {
                "kind": "TypeNominal",
                "name": "Void",
                "printedName": "()"
              }
            ],
            "declKind": "Func",
            "usr": "s:18SpeedManagerModule0aB0C013startUpdatingA0yyF",
            "mangledName": "$s18SpeedManagerModule0aB0C013startUpdatingA0yyF",
            "moduleName": "SpeedManagerModule",
            "declAttributes": [
              "AccessControl",
              "RawDocComment"
            ],
            "funcSelfKind": "NonMutating"
          },
          {
            "kind": "Function",
            "name": "startMonitoringSpeed",
            "printedName": "startMonitoringSpeed()",
            "children": [
              {
                "kind": "TypeNominal",
                "name": "Void",
                "printedName": "()"
              }
            ],
            "declKind": "Func",
            "usr": "s:18SpeedManagerModule0aB0C015startMonitoringA0yyF",
            "mangledName": "$s18SpeedManagerModule0aB0C015startMonitoringA0yyF",
            "moduleName": "SpeedManagerModule",
            "declAttributes": [
              "AccessControl",
              "RawDocComment"
            ],
            "funcSelfKind": "NonMutating"
          },
          {
            "kind": "Constructor",
            "name": "init",
            "printedName": "init()",
            "children": [
              {
                "kind": "TypeNominal",
                "name": "SpeedManager",
                "printedName": "SpeedManagerModule.SpeedManager",
                "usr": "c:@M@SpeedManagerModule@objc(cs)SpeedManager"
              }
            ],
            "declKind": "Constructor",
            "usr": "c:@M@SpeedManagerModule@objc(cs)SpeedManager(im)init",
            "mangledName": "$s18SpeedManagerModule0aB0CACycfc",
            "moduleName": "SpeedManagerModule",
            "overriding": true,
            "implicit": true,
            "objc_name": "init",
            "declAttributes": [
              "Dynamic",
              "ObjC",
              "Override"
            ],
            "init_kind": "Designated"
          },
          {
            "kind": "Function",
            "name": "locationManagerDidChangeAuthorization",
            "printedName": "locationManagerDidChangeAuthorization(_:)",
            "children": [
              {
                "kind": "TypeNominal",
                "name": "Void",
                "printedName": "()"
              },
              {
                "kind": "TypeNominal",
                "name": "CLLocationManager",
                "printedName": "CoreLocation.CLLocationManager",
                "usr": "c:objc(cs)CLLocationManager"
              }
            ],
            "declKind": "Func",
            "usr": "c:@CM@SpeedManagerModule@objc(cs)SpeedManager(im)locationManagerDidChangeAuthorization:",
            "mangledName": "$s18SpeedManagerModule0aB0C08locationB22DidChangeAuthorizationyySo010CLLocationB0CF",
            "moduleName": "SpeedManagerModule",
            "objc_name": "locationManagerDidChangeAuthorization:",
            "declAttributes": [
              "Dynamic",
              "ObjC",
              "AccessControl",
              "RawDocComment"
            ],
            "isFromExtension": true,
            "funcSelfKind": "NonMutating"
          },
          {
            "kind": "Function",
            "name": "locationManager",
            "printedName": "locationManager(_:didUpdateLocations:)",
            "children": [
              {
                "kind": "TypeNominal",
                "name": "Void",
                "printedName": "()"
              },
              {
                "kind": "TypeNominal",
                "name": "CLLocationManager",
                "printedName": "CoreLocation.CLLocationManager",
                "usr": "c:objc(cs)CLLocationManager"
              },
              {
                "kind": "TypeNominal",
                "name": "Array",
                "printedName": "[_LocationEssentials.CLLocation]",
                "children": [
                  {
                    "kind": "TypeNominal",
                    "name": "CLLocation",
                    "printedName": "_LocationEssentials.CLLocation",
                    "usr": "c:objc(cs)CLLocation"
                  }
                ],
                "usr": "s:Sa"
              }
            ],
            "declKind": "Func",
            "usr": "c:@CM@SpeedManagerModule@objc(cs)SpeedManager(im)locationManager:didUpdateLocations:",
            "mangledName": "$s18SpeedManagerModule0aB0C08locationB0_18didUpdateLocationsySo010CLLocationB0C_SaySo0H0CGtF",
            "moduleName": "SpeedManagerModule",
            "objc_name": "locationManager:didUpdateLocations:",
            "declAttributes": [
              "Dynamic",
              "ObjC",
              "AccessControl",
              "RawDocComment"
            ],
            "isFromExtension": true,
            "funcSelfKind": "NonMutating"
          },
          {
            "kind": "Function",
            "name": "locationManager",
            "printedName": "locationManager(_:didUpdateHeading:)",
            "children": [
              {
                "kind": "TypeNominal",
                "name": "Void",
                "printedName": "()"
              },
              {
                "kind": "TypeNominal",
                "name": "CLLocationManager",
                "printedName": "CoreLocation.CLLocationManager",
                "usr": "c:objc(cs)CLLocationManager"
              },
              {
                "kind": "TypeNominal",
                "name": "CLHeading",
                "printedName": "CoreLocation.CLHeading",
                "usr": "c:objc(cs)CLHeading"
              }
            ],
            "declKind": "Func",
            "usr": "c:@CM@SpeedManagerModule@objc(cs)SpeedManager(im)locationManager:didUpdateHeading:",
            "mangledName": "$s18SpeedManagerModule0aB0C08locationB0_16didUpdateHeadingySo010CLLocationB0C_So9CLHeadingCtF",
            "moduleName": "SpeedManagerModule",
            "objc_name": "locationManager:didUpdateHeading:",
            "declAttributes": [
              "Dynamic",
              "ObjC",
              "AccessControl",
              "RawDocComment"
            ],
            "isFromExtension": true,
            "funcSelfKind": "NonMutating"
          },
          {
            "kind": "Function",
            "name": "locationManager",
            "printedName": "locationManager(_:didFailWithError:)",
            "children": [
              {
                "kind": "TypeNominal",
                "name": "Void",
                "printedName": "()"
              },
              {
                "kind": "TypeNominal",
                "name": "CLLocationManager",
                "printedName": "CoreLocation.CLLocationManager",
                "usr": "c:objc(cs)CLLocationManager"
              },
              {
                "kind": "TypeNominal",
                "name": "Error",
                "printedName": "any Swift.Error",
                "usr": "s:s5ErrorP"
              }
            ],
            "declKind": "Func",
            "usr": "c:@CM@SpeedManagerModule@objc(cs)SpeedManager(im)locationManager:didFailWithError:",
            "mangledName": "$s18SpeedManagerModule0aB0C08locationB0_16didFailWithErrorySo010CLLocationB0C_s0H0_ptF",
            "moduleName": "SpeedManagerModule",
            "objc_name": "locationManager:didFailWithError:",
            "declAttributes": [
              "Dynamic",
              "ObjC",
              "AccessControl",
              "RawDocComment"
            ],
            "isFromExtension": true,
            "funcSelfKind": "NonMutating"
          }
        ],
        "declKind": "Class",
        "usr": "c:@M@SpeedManagerModule@objc(cs)SpeedManager",
        "mangledName": "$s18SpeedManagerModule0aB0C",
        "moduleName": "SpeedManagerModule",
        "declAttributes": [
          "AccessControl",
          "RawDocComment",
          "ObjC"
        ],
        "superclassUsr": "c:objc(cs)NSObject",
        "superclassNames": [
          "ObjectiveC.NSObject"
        ],
        "conformances": [
          {
            "kind": "Conformance",
            "name": "ObservableObject",
            "printedName": "ObservableObject",
            "children": [
              {
                "kind": "TypeWitness",
                "name": "ObjectWillChangePublisher",
                "printedName": "ObjectWillChangePublisher",
                "children": [
                  {
                    "kind": "TypeNominal",
                    "name": "ObservableObjectPublisher",
                    "printedName": "Combine.ObservableObjectPublisher",
                    "usr": "s:7Combine25ObservableObjectPublisherC"
                  }
                ]
              }
            ],
            "usr": "s:7Combine16ObservableObjectP",
            "mangledName": "$s7Combine16ObservableObjectP"
          },
          {
            "kind": "Conformance",
            "name": "SpeedManagerTrigger",
            "printedName": "SpeedManagerTrigger",
            "usr": "s:18SpeedManagerModule0aB7TriggerP",
            "mangledName": "$s18SpeedManagerModule0aB7TriggerP"
          },
          {
            "kind": "Conformance",
            "name": "Copyable",
            "printedName": "Copyable",
            "usr": "s:s8CopyableP",
            "mangledName": "$ss8CopyableP"
          },
          {
            "kind": "Conformance",
            "name": "Escapable",
            "printedName": "Escapable",
            "usr": "s:s9EscapableP",
            "mangledName": "$ss9EscapableP"
          },
          {
            "kind": "Conformance",
            "name": "Equatable",
            "printedName": "Equatable",
            "usr": "s:SQ",
            "mangledName": "$sSQ"
          },
          {
            "kind": "Conformance",
            "name": "Hashable",
            "printedName": "Hashable",
            "usr": "s:SH",
            "mangledName": "$sSH"
          },
          {
            "kind": "Conformance",
            "name": "CVarArg",
            "printedName": "CVarArg",
            "usr": "s:s7CVarArgP",
            "mangledName": "$ss7CVarArgP"
          },
          {
            "kind": "Conformance",
            "name": "_KeyValueCodingAndObservingPublishing",
            "printedName": "_KeyValueCodingAndObservingPublishing",
            "usr": "s:10Foundation37_KeyValueCodingAndObservingPublishingP",
            "mangledName": "$s10Foundation37_KeyValueCodingAndObservingPublishingP"
          },
          {
            "kind": "Conformance",
            "name": "_KeyValueCodingAndObserving",
            "printedName": "_KeyValueCodingAndObserving",
            "usr": "s:10Foundation27_KeyValueCodingAndObservingP",
            "mangledName": "$s10Foundation27_KeyValueCodingAndObservingP"
          },
          {
            "kind": "Conformance",
            "name": "CustomStringConvertible",
            "printedName": "CustomStringConvertible",
            "usr": "s:s23CustomStringConvertibleP",
            "mangledName": "$ss23CustomStringConvertibleP"
          },
          {
            "kind": "Conformance",
            "name": "CustomDebugStringConvertible",
            "printedName": "CustomDebugStringConvertible",
            "usr": "s:s28CustomDebugStringConvertibleP",
            "mangledName": "$ss28CustomDebugStringConvertibleP"
          }
        ]
      },
      {
        "kind": "TypeDecl",
        "name": "SpeedManagerAuthorizationStatus",
        "printedName": "SpeedManagerAuthorizationStatus",
        "children": [
          {
            "kind": "Var",
            "name": "notDetermined",
            "printedName": "notDetermined",
            "children": [
              {
                "kind": "TypeFunc",
                "name": "Function",
                "printedName": "(SpeedManagerModule.SpeedManagerAuthorizationStatus.Type) -> SpeedManagerModule.SpeedManagerAuthorizationStatus",
                "children": [
                  {
                    "kind": "TypeNominal",
                    "name": "SpeedManagerAuthorizationStatus",
                    "printedName": "SpeedManagerModule.SpeedManagerAuthorizationStatus",
                    "usr": "s:18SpeedManagerModule0aB19AuthorizationStatusO"
                  },
                  {
                    "kind": "TypeNominal",
                    "name": "Metatype",
                    "printedName": "SpeedManagerModule.SpeedManagerAuthorizationStatus.Type",
                    "children": [
                      {
                        "kind": "TypeNominal",
                        "name": "SpeedManagerAuthorizationStatus",
                        "printedName": "SpeedManagerModule.SpeedManagerAuthorizationStatus",
                        "usr": "s:18SpeedManagerModule0aB19AuthorizationStatusO"
                      }
                    ]
                  }
                ]
              }
            ],
            "declKind": "EnumElement",
            "usr": "s:18SpeedManagerModule0aB19AuthorizationStatusO13notDeterminedyA2CmF",
            "mangledName": "$s18SpeedManagerModule0aB19AuthorizationStatusO13notDeterminedyA2CmF",
            "moduleName": "SpeedManagerModule"
          },
          {
            "kind": "Var",
            "name": "authorized",
            "printedName": "authorized",
            "children": [
              {
                "kind": "TypeFunc",
                "name": "Function",
                "printedName": "(SpeedManagerModule.SpeedManagerAuthorizationStatus.Type) -> SpeedManagerModule.SpeedManagerAuthorizationStatus",
                "children": [
                  {
                    "kind": "TypeNominal",
                    "name": "SpeedManagerAuthorizationStatus",
                    "printedName": "SpeedManagerModule.SpeedManagerAuthorizationStatus",
                    "usr": "s:18SpeedManagerModule0aB19AuthorizationStatusO"
                  },
                  {
                    "kind": "TypeNominal",
                    "name": "Metatype",
                    "printedName": "SpeedManagerModule.SpeedManagerAuthorizationStatus.Type",
                    "children": [
                      {
                        "kind": "TypeNominal",
                        "name": "SpeedManagerAuthorizationStatus",
                        "printedName": "SpeedManagerModule.SpeedManagerAuthorizationStatus",
                        "usr": "s:18SpeedManagerModule0aB19AuthorizationStatusO"
                      }
                    ]
                  }
                ]
              }
            ],
            "declKind": "EnumElement",
            "usr": "s:18SpeedManagerModule0aB19AuthorizationStatusO10authorizedyA2CmF",
            "mangledName": "$s18SpeedManagerModule0aB19AuthorizationStatusO10authorizedyA2CmF",
            "moduleName": "SpeedManagerModule"
          },
          {
            "kind": "Var",
            "name": "denied",
            "printedName": "denied",
            "children": [
              {
                "kind": "TypeFunc",
                "name": "Function",
                "printedName": "(SpeedManagerModule.SpeedManagerAuthorizationStatus.Type) -> SpeedManagerModule.SpeedManagerAuthorizationStatus",
                "children": [
                  {
                    "kind": "TypeNominal",
                    "name": "SpeedManagerAuthorizationStatus",
                    "printedName": "SpeedManagerModule.SpeedManagerAuthorizationStatus",
                    "usr": "s:18SpeedManagerModule0aB19AuthorizationStatusO"
                  },
                  {
                    "kind": "TypeNominal",
                    "name": "Metatype",
                    "printedName": "SpeedManagerModule.SpeedManagerAuthorizationStatus.Type",
                    "children": [
                      {
                        "kind": "TypeNominal",
                        "name": "SpeedManagerAuthorizationStatus",
                        "printedName": "SpeedManagerModule.SpeedManagerAuthorizationStatus",
                        "usr": "s:18SpeedManagerModule0aB19AuthorizationStatusO"
                      }
                    ]
                  }
                ]
              }
            ],
            "declKind": "EnumElement",
            "usr": "s:18SpeedManagerModule0aB19AuthorizationStatusO6deniedyA2CmF",
            "mangledName": "$s18SpeedManagerModule0aB19AuthorizationStatusO6deniedyA2CmF",
            "moduleName": "SpeedManagerModule"
          },
          {
            "kind": "Function",
            "name": "==",
            "printedName": "==(_:_:)",
            "children": [
              {
                "kind": "TypeNominal",
                "name": "Bool",
                "printedName": "Swift.Bool",
                "usr": "s:Sb"
              },
              {
                "kind": "TypeNominal",
                "name": "SpeedManagerAuthorizationStatus",
                "printedName": "SpeedManagerModule.SpeedManagerAuthorizationStatus",
                "usr": "s:18SpeedManagerModule0aB19AuthorizationStatusO"
              },
              {
                "kind": "TypeNominal",
                "name": "SpeedManagerAuthorizationStatus",
                "printedName": "SpeedManagerModule.SpeedManagerAuthorizationStatus",
                "usr": "s:18SpeedManagerModule0aB19AuthorizationStatusO"
              }
            ],
            "declKind": "Func",
            "usr": "s:18SpeedManagerModule0aB19AuthorizationStatusO2eeoiySbAC_ACtFZ",
            "mangledName": "$s18SpeedManagerModule0aB19AuthorizationStatusO2eeoiySbAC_ACtFZ",
            "moduleName": "SpeedManagerModule",
            "static": true,
            "implicit": true,
            "funcSelfKind": "NonMutating"
          },
          {
            "kind": "Var",
            "name": "hashValue",
            "printedName": "hashValue",
            "children": [
              {
                "kind": "TypeNominal",
                "name": "Int",
                "printedName": "Swift.Int",
                "usr": "s:Si"
              }
            ],
            "declKind": "Var",
            "usr": "s:18SpeedManagerModule0aB19AuthorizationStatusO9hashValueSivp",
            "mangledName": "$s18SpeedManagerModule0aB19AuthorizationStatusO9hashValueSivp",
            "moduleName": "SpeedManagerModule",
            "implicit": true,
            "accessors": [
              {
                "kind": "Accessor",
                "name": "Get",
                "printedName": "Get()",
                "children": [
                  {
                    "kind": "TypeNominal",
                    "name": "Int",
                    "printedName": "Swift.Int",
                    "usr": "s:Si"
                  }
                ],
                "declKind": "Accessor",
                "usr": "s:18SpeedManagerModule0aB19AuthorizationStatusO9hashValueSivg",
                "mangledName": "$s18SpeedManagerModule0aB19AuthorizationStatusO9hashValueSivg",
                "moduleName": "SpeedManagerModule",
                "implicit": true,
                "accessorKind": "get"
              }
            ]
          },
          {
            "kind": "Function",
            "name": "hash",
            "printedName": "hash(into:)",
            "children": [
              {
                "kind": "TypeNominal",
                "name": "Void",
                "printedName": "()"
              },
              {
                "kind": "TypeNominal",
                "name": "Hasher",
                "printedName": "Swift.Hasher",
                "paramValueOwnership": "InOut",
                "usr": "s:s6HasherV"
              }
            ],
            "declKind": "Func",
            "usr": "s:18SpeedManagerModule0aB19AuthorizationStatusO4hash4intoys6HasherVz_tF",
            "mangledName": "$s18SpeedManagerModule0aB19AuthorizationStatusO4hash4intoys6HasherVz_tF",
            "moduleName": "SpeedManagerModule",
            "implicit": true,
            "funcSelfKind": "NonMutating"
          }
        ],
        "declKind": "Enum",
        "usr": "s:18SpeedManagerModule0aB19AuthorizationStatusO",
        "mangledName": "$s18SpeedManagerModule0aB19AuthorizationStatusO",
        "moduleName": "SpeedManagerModule",
        "declAttributes": [
          "AccessControl",
          "RawDocComment"
        ],
        "conformances": [
          {
            "kind": "Conformance",
            "name": "Copyable",
            "printedName": "Copyable",
            "usr": "s:s8CopyableP",
            "mangledName": "$ss8CopyableP"
          },
          {
            "kind": "Conformance",
            "name": "Escapable",
            "printedName": "Escapable",
            "usr": "s:s9EscapableP",
            "mangledName": "$ss9EscapableP"
          },
          {
            "kind": "Conformance",
            "name": "Equatable",
            "printedName": "Equatable",
            "usr": "s:SQ",
            "mangledName": "$sSQ"
          },
          {
            "kind": "Conformance",
            "name": "Hashable",
            "printedName": "Hashable",
            "usr": "s:SH",
            "mangledName": "$sSH"
          }
        ]
      },
      {
        "kind": "Import",
        "name": "Foundation",
        "printedName": "Foundation",
        "declKind": "Import",
        "moduleName": "SpeedManagerModule"
      },
      {
        "kind": "TypeDecl",
        "name": "SpeedManagerDelegate",
        "printedName": "SpeedManagerDelegate",
        "children": [
          {
            "kind": "Function",
            "name": "speedManager",
            "printedName": "speedManager(_:didUpdateSpeed:speedAccuracy:)",
            "children": [
              {
                "kind": "TypeNominal",
                "name": "Void",
                "printedName": "()"
              },
              {
                "kind": "TypeNominal",
                "name": "SpeedManager",
                "printedName": "SpeedManagerModule.SpeedManager",
                "usr": "c:@M@SpeedManagerModule@objc(cs)SpeedManager"
              },
              {
                "kind": "TypeNominal",
                "name": "Double",
                "printedName": "Swift.Double",
                "usr": "s:Sd"
              },
              {
                "kind": "TypeNominal",
                "name": "Double",
                "printedName": "Swift.Double",
                "usr": "s:Sd"
              }
            ],
            "declKind": "Func",
            "usr": "s:18SpeedManagerModule0aB8DelegateP05speedB0_09didUpdateA00E8AccuracyyAA0aB0C_S2dtF",
            "mangledName": "$s18SpeedManagerModule0aB8DelegateP05speedB0_09didUpdateA00E8AccuracyyAA0aB0C_S2dtF",
            "moduleName": "SpeedManagerModule",
            "genericSig": "<τ_0_0 where τ_0_0 : SpeedManagerModule.SpeedManagerDelegate>",
            "sugared_genericSig": "<Self where Self : SpeedManagerModule.SpeedManagerDelegate>",
            "protocolReq": true,
            "declAttributes": [
              "RawDocComment"
            ],
            "reqNewWitnessTableEntry": true,
            "funcSelfKind": "NonMutating"
          },
          {
            "kind": "Function",
            "name": "speedManager",
            "printedName": "speedManager(_:didFailWithError:)",
            "children": [
              {
                "kind": "TypeNominal",
                "name": "Void",
                "printedName": "()"
              },
              {
                "kind": "TypeNominal",
                "name": "SpeedManager",
                "printedName": "SpeedManagerModule.SpeedManager",
                "usr": "c:@M@SpeedManagerModule@objc(cs)SpeedManager"
              },
              {
                "kind": "TypeNominal",
                "name": "Error",
                "printedName": "any Swift.Error",
                "usr": "s:s5ErrorP"
              }
            ],
            "declKind": "Func",
            "usr": "s:18SpeedManagerModule0aB8DelegateP05speedB0_16didFailWithErroryAA0aB0C_s0I0_ptF",
            "mangledName": "$s18SpeedManagerModule0aB8DelegateP05speedB0_16didFailWithErroryAA0aB0C_s0I0_ptF",
            "moduleName": "SpeedManagerModule",
            "genericSig": "<τ_0_0 where τ_0_0 : SpeedManagerModule.SpeedManagerDelegate>",
            "sugared_genericSig": "<Self where Self : SpeedManagerModule.SpeedManagerDelegate>",
            "protocolReq": true,
            "declAttributes": [
              "RawDocComment"
            ],
            "reqNewWitnessTableEntry": true,
            "funcSelfKind": "NonMutating"
          },
          {
            "kind": "Function",
            "name": "speedManager",
            "printedName": "speedManager(_:didUpdateAuthorizationStatus:)",
            "children": [
              {
                "kind": "TypeNominal",
                "name": "Void",
                "printedName": "()"
              },
              {
                "kind": "TypeNominal",
                "name": "SpeedManager",
                "printedName": "SpeedManagerModule.SpeedManager",
                "usr": "c:@M@SpeedManagerModule@objc(cs)SpeedManager"
              },
              {
                "kind": "TypeNominal",
                "name": "SpeedManagerAuthorizationStatus",
                "printedName": "SpeedManagerModule.SpeedManagerAuthorizationStatus",
                "usr": "s:18SpeedManagerModule0aB19AuthorizationStatusO"
              }
            ],
            "declKind": "Func",
            "usr": "s:18SpeedManagerModule0aB8DelegateP05speedB0_28didUpdateAuthorizationStatusyAA0aB0C_AA0abhI0OtF",
            "mangledName": "$s18SpeedManagerModule0aB8DelegateP05speedB0_28didUpdateAuthorizationStatusyAA0aB0C_AA0abhI0OtF",
            "moduleName": "SpeedManagerModule",
            "genericSig": "<τ_0_0 where τ_0_0 : SpeedManagerModule.SpeedManagerDelegate>",
            "sugared_genericSig": "<Self where Self : SpeedManagerModule.SpeedManagerDelegate>",
            "protocolReq": true,
            "declAttributes": [
              "RawDocComment"
            ],
            "reqNewWitnessTableEntry": true,
            "funcSelfKind": "NonMutating"
          },
          {
            "kind": "Function",
            "name": "speedManagerDidFailWithLocationServicesUnavailable",
            "printedName": "speedManagerDidFailWithLocationServicesUnavailable(_:)",
            "children": [
              {
                "kind": "TypeNominal",
                "name": "Void",
                "printedName": "()"
              },
              {
                "kind": "TypeNominal",
                "name": "SpeedManager",
                "printedName": "SpeedManagerModule.SpeedManager",
                "usr": "c:@M@SpeedManagerModule@objc(cs)SpeedManager"
              }
            ],
            "declKind": "Func",
            "usr": "s:18SpeedManagerModule0aB8DelegateP05speedB38DidFailWithLocationServicesUnavailableyyAA0aB0CF",
            "mangledName": "$s18SpeedManagerModule0aB8DelegateP05speedB38DidFailWithLocationServicesUnavailableyyAA0aB0CF",
            "moduleName": "SpeedManagerModule",
            "genericSig": "<τ_0_0 where τ_0_0 : SpeedManagerModule.SpeedManagerDelegate>",
            "sugared_genericSig": "<Self where Self : SpeedManagerModule.SpeedManagerDelegate>",
            "protocolReq": true,
            "declAttributes": [
              "RawDocComment"
            ],
            "reqNewWitnessTableEntry": true,
            "funcSelfKind": "NonMutating"
          }
        ],
        "declKind": "Protocol",
        "usr": "s:18SpeedManagerModule0aB8DelegateP",
        "mangledName": "$s18SpeedManagerModule0aB8DelegateP",
        "moduleName": "SpeedManagerModule",
        "genericSig": "<τ_0_0 : AnyObject>",
        "sugared_genericSig": "<Self : AnyObject>",
        "declAttributes": [
          "AccessControl",
          "RawDocComment"
        ],
        "conformances": [
          {
            "kind": "Conformance",
            "name": "Escapable",
            "printedName": "Escapable",
            "usr": "s:s9EscapableP",
            "mangledName": "$ss9EscapableP"
          },
          {
            "kind": "Conformance",
            "name": "Copyable",
            "printedName": "Copyable",
            "usr": "s:s8CopyableP",
            "mangledName": "$ss8CopyableP"
          }
        ]
      },
      {
        "kind": "TypeDecl",
        "name": "SpeedManagerTrigger",
        "printedName": "SpeedManagerTrigger",
        "children": [
          {
            "kind": "Function",
            "name": "startUpdatingSpeed",
            "printedName": "startUpdatingSpeed()",
            "children": [
              {
                "kind": "TypeNominal",
                "name": "Void",
                "printedName": "()"
              }
            ],
            "declKind": "Func",
            "usr": "s:18SpeedManagerModule0aB7TriggerP013startUpdatingA0yyF",
            "mangledName": "$s18SpeedManagerModule0aB7TriggerP013startUpdatingA0yyF",
            "moduleName": "SpeedManagerModule",
            "genericSig": "<τ_0_0 where τ_0_0 : SpeedManagerModule.SpeedManagerTrigger>",
            "sugared_genericSig": "<Self where Self : SpeedManagerModule.SpeedManagerTrigger>",
            "protocolReq": true,
            "declAttributes": [
              "RawDocComment"
            ],
            "reqNewWitnessTableEntry": true,
            "funcSelfKind": "NonMutating"
          },
          {
            "kind": "Function",
            "name": "startMonitoringSpeed",
            "printedName": "startMonitoringSpeed()",
            "children": [
              {
                "kind": "TypeNominal",
                "name": "Void",
                "printedName": "()"
              }
            ],
            "declKind": "Func",
            "usr": "s:18SpeedManagerModule0aB7TriggerP015startMonitoringA0yyF",
            "mangledName": "$s18SpeedManagerModule0aB7TriggerP015startMonitoringA0yyF",
            "moduleName": "SpeedManagerModule",
            "genericSig": "<τ_0_0 where τ_0_0 : SpeedManagerModule.SpeedManagerTrigger>",
            "sugared_genericSig": "<Self where Self : SpeedManagerModule.SpeedManagerTrigger>",
            "protocolReq": true,
            "declAttributes": [
              "RawDocComment"
            ],
            "reqNewWitnessTableEntry": true,
            "funcSelfKind": "NonMutating"
          }
        ],
        "declKind": "Protocol",
        "usr": "s:18SpeedManagerModule0aB7TriggerP",
        "mangledName": "$s18SpeedManagerModule0aB7TriggerP",
        "moduleName": "SpeedManagerModule",
        "declAttributes": [
          "AccessControl",
          "RawDocComment"
        ],
        "conformances": [
          {
            "kind": "Conformance",
            "name": "Escapable",
            "printedName": "Escapable",
            "usr": "s:s9EscapableP",
            "mangledName": "$ss9EscapableP"
          },
          {
            "kind": "Conformance",
            "name": "Copyable",
            "printedName": "Copyable",
            "usr": "s:s8CopyableP",
            "mangledName": "$ss8CopyableP"
          }
        ]
      },
      {
        "kind": "Import",
        "name": "Foundation",
        "printedName": "Foundation",
        "declKind": "Import",
        "moduleName": "SpeedManagerModule"
      },
      {
        "kind": "TypeDecl",
        "name": "SpeedManagerUnit",
        "printedName": "SpeedManagerUnit",
        "children": [
          {
            "kind": "Var",
            "name": "metersPerSecond",
            "printedName": "metersPerSecond",
            "children": [
              {
                "kind": "TypeFunc",
                "name": "Function",
                "printedName": "(SpeedManagerModule.SpeedManagerUnit.Type) -> SpeedManagerModule.SpeedManagerUnit",
                "children": [
                  {
                    "kind": "TypeNominal",
                    "name": "SpeedManagerUnit",
                    "printedName": "SpeedManagerModule.SpeedManagerUnit",
                    "usr": "s:18SpeedManagerModule0aB4UnitO"
                  },
                  {
                    "kind": "TypeNominal",
                    "name": "Metatype",
                    "printedName": "SpeedManagerModule.SpeedManagerUnit.Type",
                    "children": [
                      {
                        "kind": "TypeNominal",
                        "name": "SpeedManagerUnit",
                        "printedName": "SpeedManagerModule.SpeedManagerUnit",
                        "usr": "s:18SpeedManagerModule0aB4UnitO"
                      }
                    ]
                  }
                ]
              }
            ],
            "declKind": "EnumElement",
            "usr": "s:18SpeedManagerModule0aB4UnitO15metersPerSecondyA2CmF",
            "mangledName": "$s18SpeedManagerModule0aB4UnitO15metersPerSecondyA2CmF",
            "moduleName": "SpeedManagerModule"
          },
          {
            "kind": "Var",
            "name": "kilometersPerHour",
            "printedName": "kilometersPerHour",
            "children": [
              {
                "kind": "TypeFunc",
                "name": "Function",
                "printedName": "(SpeedManagerModule.SpeedManagerUnit.Type) -> SpeedManagerModule.SpeedManagerUnit",
                "children": [
                  {
                    "kind": "TypeNominal",
                    "name": "SpeedManagerUnit",
                    "printedName": "SpeedManagerModule.SpeedManagerUnit",
                    "usr": "s:18SpeedManagerModule0aB4UnitO"
                  },
                  {
                    "kind": "TypeNominal",
                    "name": "Metatype",
                    "printedName": "SpeedManagerModule.SpeedManagerUnit.Type",
                    "children": [
                      {
                        "kind": "TypeNominal",
                        "name": "SpeedManagerUnit",
                        "printedName": "SpeedManagerModule.SpeedManagerUnit",
                        "usr": "s:18SpeedManagerModule0aB4UnitO"
                      }
                    ]
                  }
                ]
              }
            ],
            "declKind": "EnumElement",
            "usr": "s:18SpeedManagerModule0aB4UnitO17kilometersPerHouryA2CmF",
            "mangledName": "$s18SpeedManagerModule0aB4UnitO17kilometersPerHouryA2CmF",
            "moduleName": "SpeedManagerModule"
          },
          {
            "kind": "Var",
            "name": "milesPerHour",
            "printedName": "milesPerHour",
            "children": [
              {
                "kind": "TypeFunc",
                "name": "Function",
                "printedName": "(SpeedManagerModule.SpeedManagerUnit.Type) -> SpeedManagerModule.SpeedManagerUnit",
                "children": [
                  {
                    "kind": "TypeNominal",
                    "name": "SpeedManagerUnit",
                    "printedName": "SpeedManagerModule.SpeedManagerUnit",
                    "usr": "s:18SpeedManagerModule0aB4UnitO"
                  },
                  {
                    "kind": "TypeNominal",
                    "name": "Metatype",
                    "printedName": "SpeedManagerModule.SpeedManagerUnit.Type",
                    "children": [
                      {
                        "kind": "TypeNominal",
                        "name": "SpeedManagerUnit",
                        "printedName": "SpeedManagerModule.SpeedManagerUnit",
                        "usr": "s:18SpeedManagerModule0aB4UnitO"
                      }
                    ]
                  }
                ]
              }
            ],
            "declKind": "EnumElement",
            "usr": "s:18SpeedManagerModule0aB4UnitO12milesPerHouryA2CmF",
            "mangledName": "$s18SpeedManagerModule0aB4UnitO12milesPerHouryA2CmF",
            "moduleName": "SpeedManagerModule"
          },
          {
            "kind": "Constructor",
            "name": "init",
            "printedName": "init(rawValue:)",
            "children": [
              {
                "kind": "TypeNominal",
                "name": "Optional",
                "printedName": "SpeedManagerModule.SpeedManagerUnit?",
                "children": [
                  {
                    "kind": "TypeNominal",
                    "name": "SpeedManagerUnit",
                    "printedName": "SpeedManagerModule.SpeedManagerUnit",
                    "usr": "s:18SpeedManagerModule0aB4UnitO"
                  }
                ],
                "usr": "s:Sq"
              },
              {
                "kind": "TypeNominal",
                "name": "Double",
                "printedName": "Swift.Double",
                "usr": "s:Sd"
              }
            ],
            "declKind": "Constructor",
            "usr": "s:18SpeedManagerModule0aB4UnitO8rawValueACSgSd_tcfc",
            "mangledName": "$s18SpeedManagerModule0aB4UnitO8rawValueACSgSd_tcfc",
            "moduleName": "SpeedManagerModule",
            "implicit": true,
            "init_kind": "Designated"
          },
          {
            "kind": "Var",
            "name": "rawValue",
            "printedName": "rawValue",
            "children": [
              {
                "kind": "TypeNominal",
                "name": "Double",
                "printedName": "Swift.Double",
                "usr": "s:Sd"
              }
            ],
            "declKind": "Var",
            "usr": "s:18SpeedManagerModule0aB4UnitO8rawValueSdvp",
            "mangledName": "$s18SpeedManagerModule0aB4UnitO8rawValueSdvp",
            "moduleName": "SpeedManagerModule",
            "implicit": true,
            "accessors": [
              {
                "kind": "Accessor",
                "name": "Get",
                "printedName": "Get()",
                "children": [
                  {
                    "kind": "TypeNominal",
                    "name": "Double",
                    "printedName": "Swift.Double",
                    "usr": "s:Sd"
                  }
                ],
                "declKind": "Accessor",
                "usr": "s:18SpeedManagerModule0aB4UnitO8rawValueSdvg",
                "mangledName": "$s18SpeedManagerModule0aB4UnitO8rawValueSdvg",
                "moduleName": "SpeedManagerModule",
                "implicit": true,
                "accessorKind": "get"
              }
            ]
          }
        ],
        "declKind": "Enum",
        "usr": "s:18SpeedManagerModule0aB4UnitO",
        "mangledName": "$s18SpeedManagerModule0aB4UnitO",
        "moduleName": "SpeedManagerModule",
        "declAttributes": [
          "AccessControl",
          "RawDocComment"
        ],
        "enumRawTypeName": "Double",
        "conformances": [
          {
            "kind": "Conformance",
            "name": "Copyable",
            "printedName": "Copyable",
            "usr": "s:s8CopyableP",
            "mangledName": "$ss8CopyableP"
          },
          {
            "kind": "Conformance",
            "name": "Escapable",
            "printedName": "Escapable",
            "usr": "s:s9EscapableP",
            "mangledName": "$ss9EscapableP"
          },
          {
            "kind": "Conformance",
            "name": "Equatable",
            "printedName": "Equatable",
            "usr": "s:SQ",
            "mangledName": "$sSQ"
          },
          {
            "kind": "Conformance",
            "name": "Hashable",
            "printedName": "Hashable",
            "usr": "s:SH",
            "mangledName": "$sSH"
          },
          {
            "kind": "Conformance",
            "name": "RawRepresentable",
            "printedName": "RawRepresentable",
            "children": [
              {
                "kind": "TypeWitness",
                "name": "RawValue",
                "printedName": "RawValue",
                "children": [
                  {
                    "kind": "TypeNominal",
                    "name": "Double",
                    "printedName": "Swift.Double",
                    "usr": "s:Sd"
                  }
                ]
              }
            ],
            "usr": "s:SY",
            "mangledName": "$sSY"
          }
        ]
      }
    ],
    "json_format_version": 8
  },
  "ConstValues": [
    {
      "filePath": "\/Users\/bill\/Documents\/lab\/SpeedManagerModule\/Sources\/SpeedManagerModule\/SpeedManager.swift",
      "kind": "IntegerLiteral",
      "offset": 1289,
      "length": 1,
      "value": "0"
    },
    {
      "filePath": "\/Users\/bill\/Documents\/lab\/SpeedManagerModule\/Sources\/SpeedManagerModule\/SpeedManager.swift",
      "kind": "IntegerLiteral",
      "offset": 1603,
      "length": 1,
      "value": "0"
    },
    {
      "filePath": "\/Users\/bill\/Documents\/lab\/SpeedManagerModule\/Sources\/SpeedManagerModule\/SpeedManager.swift",
      "kind": "IntegerLiteral",
      "offset": 1701,
      "length": 1,
      "value": "0"
    },
    {
      "filePath": "\/Users\/bill\/Documents\/lab\/SpeedManagerModule\/Sources\/SpeedManagerModule\/SpeedManager.swift",
      "kind": "BooleanLiteral",
      "offset": 2242,
      "length": 5,
      "value": "false"
    },
    {
      "filePath": "\/Users\/bill\/Documents\/lab\/SpeedManagerModule\/Sources\/SpeedManagerModule\/SpeedManagerUnit.swift",
      "kind": "FloatLiteral",
      "offset": 146,
      "length": 3,
      "value": "1.0"
    },
    {
      "filePath": "\/Users\/bill\/Documents\/lab\/SpeedManagerModule\/Sources\/SpeedManagerModule\/SpeedManagerUnit.swift",
      "kind": "FloatLiteral",
      "offset": 179,
      "length": 3,
      "value": "3.6"
    },
    {
      "filePath": "\/Users\/bill\/Documents\/lab\/SpeedManagerModule\/Sources\/SpeedManagerModule\/SpeedManagerUnit.swift",
      "kind": "FloatLiteral",
      "offset": 207,
      "length": 7,
      "value": "2.23694"
    }
  ]
}